Modelo,F1-score,Balanced accuracy,Accuracy
RandomForest,0.9242707320440592,0.8867251089656417,0.9276551649289424
KNN,0.9204553722070008,0.8861711161027424,0.9221185939225984
SVM,0.686714219516048,0.6152974971642952,0.7580502004837777
MLP,0.832487033231203,0.7617235375917579,
LSTM,0.5542498619466555,0.4298880663861286,
CNN,0.9380895026196826,0.9200035367601271,
