Modelo,F1-score,Balanced accuracy,Accuracy
RandomForest,0.966538342844212,0.9506008608516152,0.9669238191379124
KNN,0.9863493953779128,0.9747952491522742,0.986376172090458
SVM,0.2161260635639953,0.1666666666666666,0.3870739998483548
MLP,0.8553622874331489,0.7723164287298719,0.8634711420810767
LSTM,0.8852739762819644,0.8373202132422505,0.8907913125183053
CNN,0.9144091420823062,0.8715216234207889,0.9139607179653385
