Modelo,F1-score,Balanced accuracy,Accuracy,Archivo
RandomForest,0.96889846228408,0.9500087737882612,0.9694055944055944,randomforest_features_temporales.pkl
KNN,0.9856326202027832,0.9681983343403292,0.9857226107226108,knn_features_temporales.pkl
SVM,0.2111713397292144,0.1666666666666666,0.381993006993007,svm_features_temporales.pkl
MLP,0.8944030275655601,0.8316917325742502,0.8994755244755245,mlp_features_temporales.pkl
LSTM,0.9065254840802336,0.8631491784958129,0.9090909090909092,lstm_features_temporales.pkl
CNN,0.9525570964634016,0.9334491808989944,0.9527972027972028,cnn_features_temporales.pkl
