Modelo,F1-score,Balanced accuracy,Accuracy,ROC-AUC,Tiempo entrenamiento (s),Tiempo predicción (s),Tiempo total (s),Archivo
RandomForest,0.958804512997869,0.9348549669161188,0.9597902097902098,0.9970513998869164,5.619681119918823,0.0790607929229736,5.703132390975952,randomforest_features_temporales.pkl
KNN,0.9182729675042772,0.848870506730553,0.9198717948717948,0.9781060126186756,0.0022943019866943,0.2709558010101318,0.2772793769836426,knn_features_temporales.pkl
SVM,0.8808899129187728,0.8177459051557272,0.8886946386946387,0.9774307083435226,9.473007202148438,1.5259358882904053,11.004270315170288,svm_features_temporales.pkl
LSTM,0.8936861559713717,0.836958177927794,0.9003496503496503,0.98491627832623,6.95494270324707,0.0523402690887451,7.007282972335815,lstm_features_temporales.pth
CNN,0.9435527561536502,0.924238022706602,0.9428904428904428,0.9934401502509626,14.611942052841188,0.0843391418457031,14.69628119468689,cnn_features_temporales.pth
MLP,0.8861943872306937,0.8212178730974821,0.8916083916083916,0.9809467039869624,6.388571262359619,0.040870189666748,6.429441452026367,mlp_features_temporales.pth
RandomForest,0.958804512997869,0.9348549669161187,0.9597902097902098,0.9970513998869163,5.71931529045105,0.08176922798156738,5.805481910705566,randomforest_features_temporales.pkl
