Modelo,F1-score,Balanced accuracy
RandomForest,0.9242707320440593,0.8867251089656417
KNN,0.9204553722070007,0.8861711161027424
SVM,0.686714219516048,0.6152974971642952
