Modelo,F1-score,Balanced accuracy,Accuracy,ROC-AUC,Tiempo entrenamiento (s),Tiempo predicción (s),Tiempo total (s),Archivo
RandomForest,0.9275286792239504,0.8935385347711807,0.9306526806526808,0.994048807552528,23.467610120773315,0.1014776229858398,23.57353568077088,randomforest_features_espectrales.pkl
KNN,0.8461633535057381,0.8083443193079162,0.8516899766899767,0.9414895146503994,0.0121870040893554,0.319058895111084,0.3356368541717529,knn_features_espectrales.pkl
SVM,0.679534053407816,0.6067821779863853,0.7537878787878788,0.918519326702842,45.48200702667236,7.147508144378662,52.635130167007446,svm_features_espectrales.pkl
MLP,0.8755156998814992,0.8120032323360097,0.8817016317016317,0.9784589416889734,2.478217840194702,0.0304780006408691,2.508695840835572,mlp_features_espectrales.pth
LSTM,0.5588317842354452,0.4481209548621859,0.6194638694638694,0.8291886435632098,2.9421722888946533,0.0336518287658691,2.9758241176605225,lstm_features_espectrales.pth
CNN,0.794739074562822,0.7455624429735178,0.7738927738927739,0.9831065312785591,3.3531508445739746,0.03996706008911133,3.393117904663086,cnn_features_espectrales.pth
