Modelo,F1-score,Balanced accuracy,Accuracy
RandomForest,0.966538342844212,0.9506008608516152,0.9669238191379124
KNN,0.9863493953779128,0.9747952491522742,0.986376172090458
SVM,0.2161260635639953,0.1666666666666666,0.3870739998483548
MLP,0.8551288125877321,0.7710861337359622,
LSTM,0.8891981546832557,0.8412229941517813,
CNN,0.9291589444751166,0.8974881546508924,
