Modelo,F1-score,Balanced accuracy,Accuracy,ROC-AUC,Tiempo entrenamiento (s),Tiempo predicción (s),Tiempo total (s),Archivo
RandomForest,0.937376107188266,0.9040395583497496,0.93997668997669,0.994127083505425,24.256877660751343,0.1353292465209961,24.396584510803223,randomforest_features_espectrales.pkl
KNN,0.8453332765481747,0.8008510656862889,0.8511072261072261,0.942559425057544,0.0182058811187744,0.4791977405548095,0.5014350414276123,knn_features_espectrales.pkl
SVM,0.6969409745456655,0.6254118763903468,0.7680652680652681,0.9141267257543336,101.44064474105836,10.823589086532593,112.26937532424928,svm_features_espectrales.pkl
LSTM,0.6800514151793611,0.5418954950507254,0.7435897435897436,0.8874975079378998,9.493092060089111,0.0820481777191162,9.575140237808228,lstm_features_espectrales.pth
CNN,0.9456290890190602,0.9348604781247988,0.9443473193473192,0.9945985333055498,152.0976870059967,0.8491518497467041,152.9468388557434,cnn_features_espectrales.pth
MLP,0.8982706918849426,0.8509862696173909,0.9026806526806528,0.9804260423353864,7.09773325920105,0.0411553382873535,7.138888597488403,mlp_features_espectrales.pth
RandomForest,0.937376107188266,0.9040395583497495,0.9399766899766899,0.994127083505425,24.319774866104126,0.13324522972106934,24.45741057395935,randomforest_features_espectrales.pkl
