Modelo,F1-score,Balanced accuracy,Accuracy,Archivo
RandomForest,0.96889846228408,0.9500087737882612,0.9694055944055944,randomforest_features_temporales.pkl
KNN,0.9856326202027832,0.9681983343403292,0.9857226107226108,knn_features_temporales.pkl
SVM,0.2111713397292144,0.1666666666666666,0.381993006993007,svm_features_temporales.pkl
MLP,0.8925144683525384,0.8316874814672497,0.8968531468531469,mlp_features_temporales.pkl
LSTM,0.8926712646262498,0.8373887640835108,0.8997668997668997,lstm_features_temporales.pkl
CNN,0.8739112965906916,0.8360781930352061,0.8697552447552448,cnn_features_temporales.pkl
