Modelo,F1-score,Balanced accuracy,Accuracy
RandomForest,0.9242707320440592,0.8867251089656417,0.9276551649289424
KNN,0.9204553722070008,0.8861711161027424,0.9221185939225984
SVM,0.686714219516048,0.6152974971642952,0.7580502004837777
MLP,0.8305771038997029,0.7500582832029791,0.847368548206053
LSTM,0.536744244961009,0.4256173230397311,0.5959485105326461
CNN,0.9132616425370469,0.9026059050389339,0.9091533816119878
