Modelo,F1-score,Balanced accuracy,Accuracy,Archivo
RandomForest,0.937376107188266,0.9040395583497496,0.93997668997669,randomforest_features_espectrales.pkl
KNN,0.8453332765481747,0.8008510656862889,0.8511072261072261,knn_features_espectrales.pkl
SVM,0.6969409745456655,0.6254118763903468,0.7680652680652681,svm_features_espectrales.pkl
MLP,0.8787227270037951,0.8297871359424783,0.8831585081585082,mlp_features_espectrales.pkl
LSTM,0.5615330724756831,0.4666674386800849,0.6101398601398601,lstm_features_espectrales.pkl
CNN,0.9574558776154719,0.9398624384782801,0.9577505827505828,cnn_features_espectrales.pkl
