Modelo,F1-score,Balanced accuracy,Accuracy
RandomForest,0.957794173333523,0.9386601007484456,0.9583997276334588
KNN,0.910486905539566,0.8339770059325957,0.9127927903149312
SVM,0.8687034146464877,0.7986366984759934,0.8778960874070616
MLP,0.8556189463949908,0.7712920402416721,0.8639809744834774
LSTM,0.8852833013559084,0.8321748866527037,0.8913744028973138
CNN,0.9016481763395214,0.8539012708061959,0.900482142299624
