Modelo,F1-score,Balanced accuracy,Accuracy,ROC-AUC,Tiempo entrenamiento (s),Tiempo predicción (s),Tiempo total (s),Archivo
RandomForest,0.9631731149272768,0.9461751597583288,0.9635780885780886,0.9979939395934108,5.531207799911499,0.0851433277130127,5.620662689208984,randomforest_features_temporales.pkl
KNN,0.9166508261827464,0.8440493318263105,0.9184149184149184,0.9798030627443296,0.001948595046997,0.1366262435913086,0.1427040100097656,knn_features_temporales.pkl
SVM,0.875643378274242,0.8132628048224854,0.8831585081585082,0.9758601909734992,10.509157657623293,1.5591113567352295,12.073962688446043,svm_features_temporales.pkl
MLP,0.8905806564106855,0.8346592495274603,0.8942307692307693,0.9806250532390628,2.252983331680298,0.0288538932800292,2.281837224960327,mlp_features_temporales.pth
LSTM,0.8907587471059635,0.8438832690966174,0.8962703962703963,0.9828723864285522,2.8177309036254883,0.0327734947204589,2.8505043983459477,lstm_features_temporales.pth
CNN,0.9098915700007029,0.872157102422889,0.9076340326340326,0.9923324634106337,2.947920083999634,0.05235648155212402,3.000276565551758,cnn_features_temporales.pth
