Modelo,F1-score,Balanced accuracy,Accuracy,ROC-AUC,Tiempo promedio (s),Tiempo total (s)
RandomForest,0.957794173333523,0.9386601007484456,0.9583997276334588,0.9967104162580044,4.748755148478916,33.24128603935242
KNN,0.910486905539566,0.8339770059325957,0.9127927903149312,0.9727336143919836,0.1182608604431152,0.8278260231018066
SVM,0.8687034146464877,0.7986366984759934,0.8778960874070616,0.9767407555388932,7.976254565375192,55.83378195762634
MLP,0.8830797844503342,0.821790970250483,0.888095746056855,0.9793232507922116,3.874285663877216,27.119999647140503
LSTM,0.8920645216238172,0.8449020021637254,0.8964009928295642,0.9818408063488642,5.918695415769305,41.43086791038513
CNN,0.9355788516865288,0.908010522748244,0.9356697585423036,0.9936986253420624,14.641942058290754,102.49359440803528
MLP,0.8823267323710351,0.8204236280359402,0.8877317605850529,0.979550941947213,4.257296630314419,29.801076412200928
MLP,0.8809878727850524,0.8204863356488905,0.8861287080578572,0.9792745443015342,5.172971248626709,36.21079874038696
RandomForest,0.957794173333523,0.9386601007484455,0.9583997276334589,0.9967104162580044,5.028697660991123,35.200883626937866
