Modelo,F1-score,Balanced accuracy,Accuracy,Archivo
RandomForest,0.9376912130812546,0.9038826409543316,0.9402680652680652,randomforest_features_espectrales.pkl
KNN,0.9267369130282704,0.894901515101345,0.9283216783216784,knn_features_espectrales.pkl
SVM,0.7010469531702741,0.6265828179507823,0.7715617715617715,svm_features_espectrales.pkl
MLP,0.8651133279692713,0.7939993520424705,0.8744172494172494,mlp_features_espectrales.pkl
LSTM,0.523316880313638,0.3964918548256373,0.5801282051282052,lstm_features_espectrales.pkl
CNN,0.9508301225475029,0.9283343620239677,0.9516317016317016,cnn_features_espectrales.pkl
