Modelo,F1-score,Balanced accuracy,Accuracy,ROC-AUC,Tiempo entrenamiento (s),Tiempo predicción (s),Tiempo total (s),Archivo
RandomForest,0.937376107188266,0.9040395583497496,0.93997668997669,0.994127083505425,26.014381647109985,0.1517088413238525,26.17156553268433,randomforest_features_espectrales.pkl
KNN,0.8453332765481747,0.8008510656862889,0.8511072261072261,0.942559425057544,0.0247817039489746,0.8159582614898682,0.8457176685333252,knn_features_espectrales.pkl
SVM,0.6969409745456655,0.6254118763903468,0.7680652680652681,0.9141267257543336,51.11213564872742,7.341183185577393,58.459012031555176,svm_features_espectrales.pkl
MLP,0.8665140111645767,0.7971972506285039,0.8773310023310024,0.9765841828374088,4.099358797073364,0.0329535007476806,4.132312297821045,mlp_features_espectrales.pth
LSTM,0.5154501391901318,0.4058565716944566,0.5675990675990676,0.8085355580988458,8.071336507797241,0.0491633415222168,8.120499849319458,lstm_features_espectrales.pth
CNN,0.9138080482173138,0.9149148636757957,0.907051282051282,0.9944569076716244,139.18553519248962,0.717059850692749,139.90259504318237,cnn_features_espectrales.pth
