Modelo,F1-score,Balanced accuracy,Accuracy,ROC-AUC,Tiempo entrenamiento (s),Tiempo predicción (s),Tiempo total (s),Archivo
RandomForest,0.958804512997869,0.9348549669161188,0.9597902097902098,0.9970513998869164,5.619681119918823,0.0790607929229736,5.703132390975952,randomforest_features_temporales.pkl
KNN,0.9182729675042772,0.848870506730553,0.9198717948717948,0.9781060126186756,0.0022943019866943,0.2709558010101318,0.2772793769836426,knn_features_temporales.pkl
SVM,0.8808899129187728,0.8177459051557272,0.8886946386946387,0.9774307083435226,9.473007202148438,1.5259358882904053,11.004270315170288,svm_features_temporales.pkl
MLP,0.8899567155083461,0.8271306263072159,0.8956876456876457,0.9826092534141688,4.386422634124756,0.0351855754852294,4.421608209609985,mlp_features_temporales.pth
LSTM,0.8936861559713717,0.836958177927794,0.9003496503496503,0.98491627832623,6.95494270324707,0.0523402690887451,7.007282972335815,lstm_features_temporales.pth
CNN,0.9435527561536502,0.9242380227066019,0.9428904428904429,0.9934401502509626,14.611942052841187,0.08433914184570312,14.69628119468689,cnn_features_temporales.pth
