Modelo,F1-score,Balanced accuracy
RandomForest,0.9665383428442119,0.9506008608516152
KNN,0.9863493953779127,0.9747952491522742
SVM,0.21612606356399539,0.16666666666666666
