Modelo,F1-score,Balanced accuracy,Accuracy
RandomForest,0.924123760808102,0.8848412797036034,0.9275091693266512
KNN,0.8363434509012275,0.792083859556303,0.8427073189587629
SVM,0.6817865311365396,0.6105941793273957,0.753897762937039
MLP,0.8454604684241295,0.7735305736686505,0.8583708109892169
LSTM,0.5450403668785789,0.4265381391399093,0.6005396410767994
CNN,0.9211602084501725,0.903472603312174,0.9178936045897925
