Modelo,F1-score,Balanced accuracy,Accuracy,Archivo
RandomForest,0.9376912130812546,0.9038826409543316,0.9402680652680652,randomforest_features_espectrales.pkl
KNN,0.9267369130282704,0.894901515101345,0.9283216783216784,knn_features_espectrales.pkl
SVM,0.7010469531702741,0.6265828179507823,0.7715617715617715,svm_features_espectrales.pkl
MLP,0.8783217793144151,0.8218648474745227,0.8837412587412588,mlp_features_espectrales.pkl
LSTM,0.5615648703673612,0.4298239664668939,0.6232517482517482,lstm_features_espectrales.pkl
CNN,0.6777826518540223,0.65160520465795,0.6777389277389277,cnn_features_espectrales.pkl
