Modelo,F1-score,Balanced accuracy,Accuracy,ROC-AUC,Tiempo entrenamiento (s),Tiempo predicción (s),Tiempo total (s),Archivo
RandomForest,0.958804512997869,0.9348549669161188,0.9597902097902098,0.9970513998869164,6.053828954696655,0.0914211273193359,6.14995002746582,randomforest_features_temporales.pkl
KNN,0.9182729675042772,0.848870506730553,0.9198717948717948,0.9781060126186756,0.0021147727966308,0.2611360549926758,0.2688820362091064,knn_features_temporales.pkl
SVM,0.8808899129187728,0.8177459051557272,0.8886946386946387,0.9774307083435226,7.148946046829224,1.4047691822052002,8.55946159362793,svm_features_temporales.pkl
MLP,0.8946969155626889,0.8429690650095543,0.8988927738927739,0.9822441183194632,2.70380973815918,0.0285460948944091,2.732355833053589,mlp_features_temporales.pth
LSTM,0.8939356480757628,0.8659374627016333,0.8921911421911422,0.9806168971262816,5.476569175720215,0.0448222160339355,5.52139139175415,lstm_features_temporales.pth
CNN,0.9376811359117694,0.9229568317422162,0.9361888111888111,0.9935544216074991,13.945639371871948,0.08561253547668457,14.031251907348633,cnn_features_temporales.pth
