Modelo,F1-score,Balanced accuracy,Accuracy,Archivo
RandomForest,0.958804512997869,0.9348549669161188,0.9597902097902098,randomforest_features_temporales.pkl
KNN,0.9182729675042772,0.848870506730553,0.9198717948717948,knn_features_temporales.pkl
SVM,0.8808899129187728,0.8177459051557272,0.8886946386946387,svm_features_temporales.pkl
MLP,0.8814466257398913,0.8052135791384454,0.8869463869463869,mlp_features_temporales.pkl
LSTM,0.8960864199351571,0.8450830413842616,0.9015151515151516,lstm_features_temporales.pkl
CNN,0.885312356263096,0.8429272816828596,0.8744172494172494,cnn_features_temporales.pkl
