Modelo,F1-score,Balanced accuracy,Accuracy,ROC-AUC,Tiempo promedio (s),Tiempo total (s),Tiempo fold (s)
RandomForest,0.957794173333523,0.9386601007484456,0.9583997276334588,0.9967104162580044,4.748755148478916,33.24128603935242,
KNN,0.910486905539566,0.8339770059325957,0.9127927903149312,0.9727336143919836,0.1182608604431152,0.8278260231018066,
SVM,0.8687034146464877,0.7986366984759934,0.8778960874070616,0.9767407555388932,7.976254565375192,55.83378195762634,
MLP,0.8830797844503342,0.821790970250483,0.888095746056855,0.9793232507922116,3.874285663877216,27.119999647140503,
LSTM,0.8920645216238172,0.8449020021637254,0.8964009928295642,0.9818408063488642,5.918695415769305,41.43086791038513,
CNN,0.9355788516865287,0.9080105227482439,0.9356697585423037,0.9936986253420624,14.641942058290754,102.49359440803528,
